{"cameraMode":{"drawMode":0,"name":"Shaded","section":"Shading Mode"},"sceneLighting":true,"audioPlay":false,"sceneViewState":{"showFog":true,"showMaterialUpdate":false,"showSkybox":true,"showFlares":true,"showImageEffects":true,"showParticleSystems":true},"in2DMode":false,"pivot":{"x":7.469174385070801,"y":3.270094156265259,"z":-14.20528793334961},"rotation":{"x":-0.000320506194839254,"y":0.9632910490036011,"z":0.0011463387636467815,"w":0.26846712827682497},"size":21.411001205444337,"orthographic":false}